Name,chr,pos
cg00075967,15,74495354
cg00091693,17,39041602
cg00168942,10,35894430
cg00374717,17,66303145
cg00431549,12,15039025
cg00436603,10,135340740
cg00864867,12,80085268
cg00945507,7,54827677
cg01027739,9,131842738
cg01027805,14,21566863
cg01234063,11,126226007
cg01262913,21,38580486
cg01353448,7,31726912
cg01407797,22,29168514
cg01459453,1,169599212
cg01485645,17,36862199
cg01511567,11,57103631
cg01560871,10,72545424
cg01570885,6,3849272
cg01584473,7,100663367
cg01644850,19,58193231
cg01656216,10,31273710
cg01820374,12,6882083
cg01873645,9,74526649
cg01968178,2,86565038
cg02047577,20,62587702
cg02071305,15,41185973
cg02085507,19,6739192
cg02154074,2,74756234
cg02217159,6,62996697
cg02275294,1,179262462
cg02331561,16,2391081
cg02332492,9,139840678
cg02335441,3,130745948
cg02364642,12,58005758
cg02388150,8,41165699
cg02479575,19,4769653
cg02489552,19,15121531
cg02580606,17,39526726
cg02654291,9,86572014
cg02827112,4,95129403
cg02972551,2,86668068
cg03019000,3,51704351
cg03103192,4,52917271
cg03167275,21,18886093
cg03270204,6,30851638
cg03286783,15,44580973
cg03330058,3,127392403
cg03565323,17,16472866
cg03578041,15,71147307
cg03588357,14,91720173
cg03682823,7,94286953
cg03760483,17,6899297
cg03891319,3,52016838
cg03947362,2,200820154
cg04005032,3,32022767
cg04084157,7,100809049
cg04094160,9,37465712
cg04121983,17,73511085
cg04126866,10,85932763
cg04268405,10,73723221
cg04431054,5,126853024
cg04452713,6,56707687
cg04474832,3,52008487
cg04528819,7,130418315
cg04836038,13,99739382
cg04999691,7,150027050
cg05250458,19,9473565
cg05294243,19,51569106
cg05365729,8,23262073
cg05442902,22,21369010
cg05590257,17,17109570
cg05675373,1,110754257
cg05755779,8,120079625
cg05847778,2,170336167
cg05903609,17,1587888
cg05921699,19,42380725
cg05960024,4,56376020
cg06044899,4,91760229
cg06117855,3,45067788
cg06121469,15,44956098
cg06144905,17,27369780
cg06361108,16,2478781
cg06462291,12,104235479
cg06493994,6,25652602
cg06513075,11,34126714
cg06557358,17,32907002
cg06688848,16,57220097
cg06738602,14,52780634
cg06810647,16,1665094
cg06836772,1,57110403
cg06926735,20,48732667
cg06952310,19,19327990
cg06993413,15,65810204
cg07158339,9,71650237
cg07285276,9,134613015
cg07291563,19,48949441
cg07337598,1,150953943
cg07388493,1,39491459
cg07408456,19,15590532
cg07455279,19,54605703
cg07498421,12,94071223
cg07595943,16,84224901
cg07663789,5,32711429
cg07730301,11,67777952
cg07770222,8,144120106
cg07849904,22,28197796
cg08030082,2,25391839
cg08090772,8,67344640
cg08124722,17,32597714
cg08186124,3,45883676
cg08251036,2,135008923
cg08331960,16,2076597
cg08370996,15,96874031
cg08413469,1,68962940
cg08434234,7,137531173
cg08771731,5,17216434
cg08965235,11,65325158
cg09019938,10,52834498
cg09118625,1,68512971
cg09133026,14,75388105
cg09191327,9,133540108
cg09418283,12,80084718
cg09441152,18,77712293
cg09509673,17,40833697
cg09646392,13,108921052
cg09722397,17,72855943
cg09722555,9,34662282
cg09785172,4,6271658
cg09809672,1,236557682
cg09869858,12,48120416
cg09885951,1,214776469
cg10045881,1,111770291
cg10266490,1,55013709
cg10281002,12,114846399
cg10345936,5,150727812
cg10376763,2,217724363
cg10377274,11,125616888
cg10486998,18,74961787
cg10523019,2,227700458
cg10865119,6,170190112
cg10920957,16,87635473
cg10940099,6,109703938
cg11025793,19,13262015
cg11299964,9,128469783
cg11314684,1,244006288
cg11388238,2,201375098
cg11653266,17,73901339
cg11932564,22,42322146
cg12351433,2,48982957
cg12373771,22,17601381
cg12413566,3,39235366
cg12616277,3,138153763
cg12768605,19,44324951
cg12830694,19,38747796
cg12941369,3,33839389
cg12946225,19,3573751
cg12985418,18,19320538
cg13038560,2,200819113
cg13129046,10,71389696
cg13216057,11,12030643
cg13269407,22,46450107
cg13302154,12,15039432
cg13319175,1,19746564
cg13460409,21,38379570
cg13547237,11,65687877
cg13682722,14,90798568
cg13828047,15,75182130
cg13836627,15,30113723
cg13854874,21,37757525
cg13899108,19,18344322
cg13931228,7,24612418
cg13975369,7,130080553
cg14060828,19,49926276
cg14163776,3,195164580
cg14175438,7,121036729
cg14258236,6,29323330
cg14308452,19,5784184
cg14329157,2,228736135
cg14408969,8,42396118
cg14409958,8,120651652
cg14423778,3,151985433
cg14424579,2,27274309
cg14501253,8,12809014
cg14597908,20,57414960
cg14654875,16,3493997
cg14658362,8,30241661
cg14723032,17,6460572
cg14727952,11,102218358
cg14894144,18,21270554
cg14992253,1,32687567
cg15185286,6,143381675
cg15262928,1,201924572
cg15341340,19,12992237
cg15381769,6,128841972
cg15547534,7,100034410
cg15661409,14,57960976
cg15703512,16,22012565
cg15804973,6,137114513
cg15974053,19,49339789
cg15988232,3,47621127
cg16034652,14,93798309
cg16150435,6,31080529
cg16168311,1,156561947
cg16241714,8,48650511
cg16358826,4,46996264
cg16408394,9,137219075
cg16419345,17,73976089
cg16494477,5,170847251
cg16547529,11,75140681
cg16579101,12,6677158
cg16744741,4,82126025
cg16899442,16,776458
cg16984944,3,99979425
cg17063929,11,89224799
cg17099569,2,121549866
cg17274064,21,40033892
cg17285325,22,50968343
cg17324128,10,45455500
cg17338403,15,92395836
cg17408647,7,43769049
cg17589341,18,43304079
cg17655614,16,68770944
cg17686885,17,52977769
cg17729667,20,25566382
cg17853587,4,118954386
cg17960516,4,3465004
cg18031008,1,150266311
cg18055007,6,31698226
cg18139769,7,94286955
cg18180783,10,75402320
cg18328933,3,52008538
cg18440048,22,24093826
cg18573383,12,75603401
cg18956095,8,124287111
cg18983672,1,47881256
cg18984151,3,47555476
cg19008809,3,53080682
cg19044674,1,43232628
cg19046959,1,36565856
cg19167673,22,39640835
cg19273182,2,60983417
cg19305227,15,45544335
cg19346193,10,127513190
cg19420968,1,32084964
cg19478743,17,4642647
cg19514928,1,95583636
cg19569684,5,138726419
cg19692710,11,73661920
cg19706682,16,84179331
cg19722847,12,30849114
cg19724470,9,5450936
cg19761273,17,80232096
cg19853760,22,38071677
cg19945840,1,1168036
cg20100381,16,66864408
cg20240860,11,44087423
cg20295671,22,22090486
cg20305610,4,95373302
cg20524216,3,47555100
cg20692569,7,72848481
cg20761322,15,78423564
cg20795863,2,233896119
cg20828084,15,81070851
cg20914508,3,115342333
cg20947775,4,83720240
cg20999813,16,84734014
cg21096399,11,119188145
cg21211748,1,23858035
cg21305265,8,25316571
cg21370143,11,47374208
cg21378206,2,113817043
cg21395782,19,19626814
cg21460081,17,46656012
cg21801378,15,72612125
cg21870884,1,200842429
cg21950518,5,55290746
cg22006386,19,38827378
cg22171829,7,95225520
cg22190114,19,56459234
cg22197830,5,134209784
cg22289837,8,86350278
cg22432269,15,22892697
cg22449114,20,590243
cg22568540,19,58864846
cg22613010,3,184079172
cg22637507,11,43902407
cg22679120,7,2353402
cg22736354,6,18122719
cg22809047,2,101618261
cg22901840,1,68512777
cg22920873,7,139025153
cg22947000,16,81272281
cg23092072,4,87927706
cg23124451,22,39548131
cg23180365,3,33138627
cg23517605,6,3228365
cg23662675,20,45985596
cg23786576,1,47133596
cg23941599,5,114880796
cg24058132,14,88459866
cg24081819,8,27348940
cg24116886,20,137877
cg24126851,11,6678143
cg24254120,13,34392869
cg24262469,3,156391694
cg24450312,1,206681158
cg24471894,9,2838508
cg24580001,11,64106532
cg24834740,20,37434552
cg24888049,15,91426667
cg24899750,20,16710314
cg25070637,8,97505868
cg25101936,11,113929164
cg25148589,4,158141936
cg25159610,5,57756802
cg25166896,22,20009063
cg25411725,3,38306672
cg25505610,11,32605184
cg25552492,8,22013999
cg25564800,3,122234134
cg25657834,2,11810365
cg25683012,12,57030113
cg25771195,16,58163814
cg25781123,3,9404598
cg25809905,17,42467728
cg25928579,17,46692534
cg26003813,16,23689802
cg26005082,19,4769660
cg26043391,1,224302174
cg26045434,8,21987861
cg26162695,17,12921313
cg26297688,12,107349093
cg26372517,1,36039159
cg26394940,22,46449461
cg26453588,22,43506021
cg26456957,19,55629363
cg26614073,3,47517819
cg26620959,6,152958489
cg26723847,11,134095652
cg26824091,6,38670437
cg26842024,19,16436122
cg26845300,6,158243833
cg27015931,16,22012404
cg27016307,19,49658913
cg27092035,5,175792880
cg27169020,15,83954229
cg27202708,1,223566709
cg27319898,7,88389003
cg27377450,19,7446301
cg27413543,4,83812148
cg27494383,15,41805868
cg27544190,21,33785434
